event_id,event_timestamp,event_type,user_id,source_ip,country,device_id,failed_login_count_1h,bytes_out,risk_score,label,producer
evt-000001,2026-05-19T14:24:06.018962+00:00,auth.login,user-0092,10.126.173.129,US,device-0008,6,953533,0.089,benign,sentinelforge-event-generator
evt-000002,2026-05-19T16:06:24.019113+00:00,auth.mfa_challenge,user-0320,10.96.206.220,DE,device-0246,10,1324035,0.546,suspicious,sentinelforge-event-generator
evt-000003,2026-05-19T03:47:09.019124+00:00,firewall.connection,user-0137,10.59.7.183,IN,device-0019,12,86402,0.135,benign,sentinelforge-event-generator
evt-000004,2026-05-19T18:09:21.019133+00:00,cloudtrail.api_call,user-0418,10.147.62.202,CA,device-0048,17,1786657,0.079,benign,sentinelforge-event-generator
evt-000005,2026-05-18T20:36:02.019140+00:00,endpoint.process,user-0133,10.141.88.189,IN,device-0179,19,754958,0.104,benign,sentinelforge-event-generator
evt-000006,2026-05-19T02:48:51.019147+00:00,cloudtrail.api_call,user-0479,10.119.46.46,CN,device-0238,3,1465125,0.367,benign,sentinelforge-event-generator
evt-000007,2026-05-19T02:52:47.019154+00:00,dns.query,user-0007,10.2.230.200,IN,device-0071,14,1765966,0.157,benign,sentinelforge-event-generator
evt-000008,2026-05-19T03:19:15.019166+00:00,firewall.connection,user-0356,10.164.212.97,CA,device-0093,12,332426,0.085,benign,sentinelforge-event-generator
evt-000009,2026-05-19T09:41:49.019174+00:00,endpoint.process,user-0362,10.67.187.11,CN,device-0243,4,1202247,0.292,benign,sentinelforge-event-generator
evt-000010,2026-05-18T20:47:08.019181+00:00,cloudtrail.api_call,user-0370,10.134.81.148,CA,device-0186,10,1008375,0.193,benign,sentinelforge-event-generator
evt-000011,2026-05-19T11:40:10.019188+00:00,cloudtrail.api_call,user-0315,10.139.231.7,RU,device-0226,18,327348,0.316,benign,sentinelforge-event-generator
evt-000012,2026-05-19T15:14:25.019194+00:00,endpoint.process,user-0105,10.221.215.212,RU,device-0215,13,906219,0.261,benign,sentinelforge-event-generator
evt-000013,2026-05-19T09:06:27.019203+00:00,auth.login,user-0432,10.229.116.183,GB,device-0221,1,1609285,0.107,benign,sentinelforge-event-generator
evt-000014,2026-05-19T06:37:57.019209+00:00,firewall.connection,user-0181,10.250.2.243,RU,device-0234,15,132701,0.293,benign,sentinelforge-event-generator
evt-000015,2026-05-18T23:26:19.019215+00:00,auth.mfa_challenge,user-0036,10.151.249.147,RU,device-0217,18,1551637,0.723,suspicious,sentinelforge-event-generator
evt-000016,2026-05-19T03:06:18.019221+00:00,auth.login,user-0190,10.132.106.5,CA,device-0250,14,118829,0.544,suspicious,sentinelforge-event-generator
evt-000017,2026-05-19T14:28:38.019229+00:00,auth.login,user-0235,10.200.110.20,DE,device-0006,9,297050,0.431,benign,sentinelforge-event-generator
evt-000018,2026-05-19T15:52:10.019235+00:00,dns.query,user-0254,10.189.71.100,GB,device-0113,18,34539,0.191,benign,sentinelforge-event-generator
evt-000019,2026-05-19T02:01:46.019241+00:00,endpoint.process,user-0366,10.57.15.181,DE,device-0025,12,809612,0.068,benign,sentinelforge-event-generator
evt-000020,2026-05-19T04:58:49.019247+00:00,auth.login,user-0322,10.4.249.70,US,device-0007,1,1201134,0.18,benign,sentinelforge-event-generator
evt-000021,2026-05-19T15:08:41.019253+00:00,firewall.connection,user-0286,10.68.250.32,BR,device-0061,19,335921,0.123,benign,sentinelforge-event-generator
evt-000022,2026-05-19T07:48:19.019259+00:00,dns.query,user-0375,10.112.151.123,BR,device-0018,17,909696,0.157,benign,sentinelforge-event-generator
evt-000023,2026-05-19T15:54:38.019265+00:00,auth.mfa_challenge,user-0069,10.231.48.115,CN,device-0050,6,1761139,0.366,benign,sentinelforge-event-generator
evt-000024,2026-05-18T21:15:07.019271+00:00,auth.login,user-0303,10.3.172.102,DE,device-0043,10,1717363,0.405,benign,sentinelforge-event-generator
evt-000025,2026-05-18T21:01:10.019277+00:00,endpoint.process,user-0152,10.199.74.75,BR,device-0175,5,1108364,0.181,benign,sentinelforge-event-generator
evt-000026,2026-05-19T03:44:51.019283+00:00,auth.login,user-0274,10.221.47.137,GB,device-0141,0,1287818,0.185,benign,sentinelforge-event-generator
evt-000027,2026-05-19T03:36:21.019289+00:00,endpoint.process,user-0120,10.144.216.28,BR,device-0108,11,897209,0.056,benign,sentinelforge-event-generator
evt-000028,2026-05-19T02:00:15.019294+00:00,cloudtrail.api_call,user-0190,10.65.121.159,CN,device-0025,7,1342421,0.266,benign,sentinelforge-event-generator
evt-000029,2026-05-18T22:53:45.019300+00:00,cloudtrail.api_call,user-0065,10.147.162.220,DE,device-0221,9,1766971,0.094,benign,sentinelforge-event-generator
evt-000030,2026-05-19T14:55:32.019306+00:00,endpoint.process,user-0343,10.26.163.176,BR,device-0138,13,1952697,0.068,benign,sentinelforge-event-generator
evt-000031,2026-05-19T01:50:28.019312+00:00,auth.mfa_challenge,user-0466,10.127.141.154,CA,device-0165,16,541346,0.418,benign,sentinelforge-event-generator
evt-000032,2026-05-19T05:01:02.019317+00:00,endpoint.process,user-0472,10.165.13.220,IN,device-0165,1,1399184,0.072,benign,sentinelforge-event-generator
evt-000033,2026-05-18T21:55:44.019323+00:00,endpoint.process,user-0117,10.50.149.95,GB,device-0001,3,1435833,0.136,benign,sentinelforge-event-generator
evt-000034,2026-05-19T18:59:55.019329+00:00,dns.query,user-0028,10.236.29.216,DE,device-0061,9,1161634,0.155,benign,sentinelforge-event-generator
evt-000035,2026-05-19T12:34:09.019335+00:00,firewall.connection,user-0436,10.164.195.208,IN,device-0169,0,1868561,0.388,benign,sentinelforge-event-generator
evt-000036,2026-05-19T11:14:15.019341+00:00,firewall.connection,user-0395,10.224.19.76,GB,device-0163,5,718577,0.193,benign,sentinelforge-event-generator
evt-000037,2026-05-19T04:12:10.019347+00:00,firewall.connection,user-0375,10.18.68.99,NG,device-0169,18,1449763,0.628,suspicious,sentinelforge-event-generator
evt-000038,2026-05-18T21:57:45.019354+00:00,auth.mfa_challenge,user-0137,10.13.250.135,RU,device-0154,4,1691696,0.278,benign,sentinelforge-event-generator
evt-000039,2026-05-19T02:59:52.019360+00:00,firewall.connection,user-0293,10.143.223.114,DE,device-0215,12,1435945,0.45,suspicious,sentinelforge-event-generator
evt-000040,2026-05-19T00:34:45.019365+00:00,endpoint.process,user-0440,10.152.147.246,CN,device-0237,4,753407,0.345,benign,sentinelforge-event-generator
evt-000041,2026-05-19T00:21:58.019371+00:00,cloudtrail.api_call,user-0311,10.77.221.134,IN,device-0108,8,114183,0.178,benign,sentinelforge-event-generator
evt-000042,2026-05-19T01:17:12.019377+00:00,auth.login,user-0467,10.168.1.217,GB,device-0029,8,1102807,0.448,benign,sentinelforge-event-generator
evt-000043,2026-05-19T09:48:58.019383+00:00,firewall.connection,user-0015,10.73.64.210,CA,device-0189,0,81224,0.061,benign,sentinelforge-event-generator
evt-000044,2026-05-19T19:34:59.019388+00:00,auth.mfa_challenge,user-0180,10.126.246.189,IN,device-0043,10,844374,0.472,suspicious,sentinelforge-event-generator
evt-000045,2026-05-18T22:20:30.019397+00:00,dns.query,user-0193,10.197.66.96,IN,device-0114,19,1893473,0.154,benign,sentinelforge-event-generator
evt-000046,2026-05-18T21:19:27.019402+00:00,dns.query,user-0222,10.191.213.73,CN,device-0184,4,167807,0.303,benign,sentinelforge-event-generator
evt-000047,2026-05-19T10:36:43.019408+00:00,endpoint.process,user-0015,10.29.132.167,CN,device-0134,4,1851749,0.342,benign,sentinelforge-event-generator
evt-000048,2026-05-18T23:07:04.019415+00:00,dns.query,user-0256,10.218.166.205,GB,device-0008,7,343260,0.12,benign,sentinelforge-event-generator
evt-000049,2026-05-19T00:11:57.019421+00:00,cloudtrail.api_call,user-0106,10.35.92.245,CA,device-0185,2,1420212,0.173,benign,sentinelforge-event-generator
evt-000050,2026-05-19T00:21:54.019426+00:00,auth.login,user-0268,10.8.166.136,CA,device-0217,17,124694,0.533,suspicious,sentinelforge-event-generator
evt-000051,2026-05-19T18:37:49.019432+00:00,firewall.connection,user-0456,10.56.99.68,IN,device-0019,4,296541,0.161,benign,sentinelforge-event-generator
evt-000052,2026-05-19T13:25:26.019438+00:00,firewall.connection,user-0060,10.71.48.118,RU,device-0158,1,1964339,0.646,suspicious,sentinelforge-event-generator
evt-000053,2026-05-18T21:42:27.019444+00:00,cloudtrail.api_call,user-0029,10.191.67.224,NG,device-0150,1,1509948,0.385,benign,sentinelforge-event-generator
evt-000054,2026-05-19T16:21:46.019450+00:00,auth.login,user-0214,10.231.233.107,CA,device-0094,14,1513818,0.47,suspicious,sentinelforge-event-generator
evt-000055,2026-05-19T06:55:15.019456+00:00,auth.login,user-0339,10.53.202.109,IN,device-0083,11,1235307,0.516,suspicious,sentinelforge-event-generator
evt-000056,2026-05-19T04:31:49.019463+00:00,endpoint.process,user-0340,10.84.18.78,GB,device-0200,17,21501,0.051,benign,sentinelforge-event-generator
evt-000057,2026-05-19T18:13:58.019471+00:00,dns.query,user-0258,10.71.156.11,GB,device-0038,12,1767358,0.194,benign,sentinelforge-event-generator
evt-000058,2026-05-19T11:38:58.019477+00:00,cloudtrail.api_call,user-0380,10.175.223.182,GB,device-0051,2,402037,0.175,benign,sentinelforge-event-generator
evt-000059,2026-05-19T01:20:50.019483+00:00,firewall.connection,user-0237,10.177.52.64,BR,device-0101,7,396994,0.084,benign,sentinelforge-event-generator
evt-000060,2026-05-19T01:56:28.019489+00:00,cloudtrail.api_call,user-0371,10.234.134.36,CN,device-0045,3,1091593,0.289,benign,sentinelforge-event-generator
evt-000061,2026-05-19T13:06:12.019495+00:00,dns.query,user-0117,10.123.118.135,IN,device-0204,18,828994,0.194,benign,sentinelforge-event-generator
evt-000062,2026-05-19T09:33:37.019501+00:00,firewall.connection,user-0381,10.3.200.33,RU,device-0014,0,248769,0.285,benign,sentinelforge-event-generator
evt-000063,2026-05-18T21:05:11.019506+00:00,cloudtrail.api_call,user-0160,10.143.236.115,NG,device-0160,18,1690024,0.38,benign,sentinelforge-event-generator
evt-000064,2026-05-19T02:08:29.019512+00:00,firewall.connection,user-0138,10.204.45.55,DE,device-0061,8,1448875,0.381,benign,sentinelforge-event-generator
evt-000065,2026-05-19T02:41:09.019518+00:00,endpoint.process,user-0300,10.71.29.53,CA,device-0242,19,235935,0.05,benign,sentinelforge-event-generator
evt-000066,2026-05-19T05:53:03.019530+00:00,endpoint.process,user-0018,10.30.89.182,IN,device-0018,7,268065,0.131,benign,sentinelforge-event-generator
evt-000067,2026-05-19T03:23:12.019537+00:00,dns.query,user-0360,10.71.152.154,RU,device-0061,4,525219,0.27,benign,sentinelforge-event-generator
evt-000068,2026-05-18T21:23:23.019543+00:00,dns.query,user-0038,10.178.213.147,DE,device-0001,6,1748411,0.086,benign,sentinelforge-event-generator
evt-000069,2026-05-19T05:00:34.019549+00:00,auth.mfa_challenge,user-0111,10.230.119.22,CN,device-0217,15,147747,0.74,suspicious,sentinelforge-event-generator
evt-000070,2026-05-18T22:50:43.019555+00:00,auth.login,user-0032,10.114.170.16,RU,device-0044,5,719563,0.377,benign,sentinelforge-event-generator
evt-000071,2026-05-19T03:44:48.019561+00:00,cloudtrail.api_call,user-0331,10.87.142.177,CA,device-0019,5,1505013,0.1,benign,sentinelforge-event-generator
evt-000072,2026-05-19T13:57:48.019566+00:00,firewall.connection,user-0005,10.125.119.37,RU,device-0195,9,833848,0.322,benign,sentinelforge-event-generator
evt-000073,2026-05-19T00:23:34.019572+00:00,cloudtrail.api_call,user-0202,10.45.230.42,RU,device-0046,7,1973748,0.358,benign,sentinelforge-event-generator
evt-000074,2026-05-19T07:31:31.019578+00:00,auth.login,user-0456,10.10.224.91,DE,device-0219,20,1200334,0.477,suspicious,sentinelforge-event-generator
evt-000075,2026-05-19T06:06:04.019584+00:00,auth.login,user-0003,10.31.146.196,US,device-0055,0,1109805,0.18,benign,sentinelforge-event-generator
evt-000076,2026-05-19T07:49:59.019590+00:00,endpoint.process,user-0012,10.23.59.245,BR,device-0091,20,1032506,0.051,benign,sentinelforge-event-generator
evt-000077,2026-05-19T04:12:53.019596+00:00,endpoint.process,user-0447,10.26.7.117,NG,device-0063,6,617880,0.353,benign,sentinelforge-event-generator
evt-000078,2026-05-19T02:04:53.019602+00:00,cloudtrail.api_call,user-0203,10.84.233.213,US,device-0090,1,1044138,0.196,benign,sentinelforge-event-generator
evt-000079,2026-05-19T15:26:52.019608+00:00,auth.login,user-0018,10.61.139.58,RU,device-0148,4,1486532,0.373,benign,sentinelforge-event-generator
evt-000080,2026-05-19T05:57:38.019614+00:00,dns.query,user-0184,10.187.58.65,RU,device-0045,8,1662014,0.327,benign,sentinelforge-event-generator
evt-000081,2026-05-19T19:14:35.019619+00:00,auth.mfa_challenge,user-0170,10.194.177.46,US,device-0141,17,706539,0.512,suspicious,sentinelforge-event-generator
evt-000082,2026-05-19T02:20:28.019625+00:00,cloudtrail.api_call,user-0116,10.252.77.85,GB,device-0189,20,144400,0.126,benign,sentinelforge-event-generator
evt-000083,2026-05-19T06:46:29.019631+00:00,auth.mfa_challenge,user-0174,10.235.112.119,CN,device-0116,8,1414612,0.728,suspicious,sentinelforge-event-generator
evt-000084,2026-05-19T20:00:54.019637+00:00,cloudtrail.api_call,user-0140,10.181.179.183,NG,device-0246,4,182752,0.351,benign,sentinelforge-event-generator
evt-000085,2026-05-19T00:57:29.019642+00:00,firewall.connection,user-0204,10.73.220.87,NG,device-0112,19,416478,0.307,benign,sentinelforge-event-generator
evt-000086,2026-05-19T08:07:24.019648+00:00,dns.query,user-0092,10.49.222.31,GB,device-0042,3,1788195,0.102,benign,sentinelforge-event-generator
evt-000087,2026-05-19T11:17:34.019655+00:00,dns.query,user-0410,10.141.15.245,IN,device-0163,4,671562,0.107,benign,sentinelforge-event-generator
evt-000088,2026-05-19T09:46:39.019660+00:00,auth.mfa_challenge,user-0422,10.138.122.127,IN,device-0072,14,144536,0.53,suspicious,sentinelforge-event-generator
evt-000089,2026-05-19T07:15:18.019666+00:00,endpoint.process,user-0458,10.143.99.139,DE,device-0150,9,1452647,0.118,benign,sentinelforge-event-generator
evt-000090,2026-05-19T15:12:50.019672+00:00,firewall.connection,user-0186,10.218.242.144,US,device-0165,16,287398,0.056,benign,sentinelforge-event-generator
evt-000091,2026-05-19T13:28:16.019678+00:00,firewall.connection,user-0193,10.55.227.190,GB,device-0048,7,527969,0.161,benign,sentinelforge-event-generator
evt-000092,2026-05-19T17:59:14.019683+00:00,endpoint.process,user-0456,10.170.76.88,DE,device-0209,0,1268842,0.063,benign,sentinelforge-event-generator
evt-000093,2026-05-19T03:15:43.019690+00:00,cloudtrail.api_call,user-0108,10.146.10.186,GB,device-0204,9,711391,0.197,benign,sentinelforge-event-generator
evt-000094,2026-05-19T14:39:26.019696+00:00,firewall.connection,user-0415,10.216.231.171,BR,device-0191,6,1925751,0.434,benign,sentinelforge-event-generator
evt-000095,2026-05-19T15:00:05.019702+00:00,dns.query,user-0357,10.204.100.18,IN,device-0132,14,1837269,0.174,benign,sentinelforge-event-generator
evt-000096,2026-05-19T00:24:55.019708+00:00,auth.mfa_challenge,user-0236,10.59.81.55,US,device-0105,15,110893,0.542,suspicious,sentinelforge-event-generator
evt-000097,2026-05-19T17:34:33.019715+00:00,auth.mfa_challenge,user-0268,10.160.49.68,GB,device-0163,3,936619,0.084,benign,sentinelforge-event-generator
evt-000098,2026-05-19T06:04:37.019721+00:00,cloudtrail.api_call,user-0063,10.49.85.180,DE,device-0182,7,494980,0.068,benign,sentinelforge-event-generator
evt-000099,2026-05-19T14:10:15.019729+00:00,auth.mfa_challenge,user-0005,10.127.238.183,CN,device-0225,1,1187627,0.275,benign,sentinelforge-event-generator
evt-000100,2026-05-19T08:14:07.019735+00:00,auth.login,user-0165,10.183.224.76,NG,device-0153,18,914518,0.663,suspicious,sentinelforge-event-generator
evt-000101,2026-05-18T21:43:09.019741+00:00,auth.mfa_challenge,user-0003,10.113.103.246,BR,device-0090,11,694281,0.445,benign,sentinelforge-event-generator
evt-000102,2026-05-19T12:06:57.019747+00:00,auth.mfa_challenge,user-0083,10.29.207.242,US,device-0043,11,1656918,0.445,benign,sentinelforge-event-generator
evt-000103,2026-05-19T11:41:35.019753+00:00,auth.login,user-0096,10.163.228.150,CA,device-0205,5,841971,0.184,benign,sentinelforge-event-generator
evt-000104,2026-05-19T17:56:47.019758+00:00,firewall.connection,user-0235,10.103.0.12,RU,device-0087,11,1261445,0.6,suspicious,sentinelforge-event-generator
evt-000105,2026-05-19T05:45:43.019764+00:00,auth.mfa_challenge,user-0021,10.65.40.162,BR,device-0148,1,1236117,0.097,benign,sentinelforge-event-generator
evt-000106,2026-05-19T07:35:30.019770+00:00,cloudtrail.api_call,user-0430,10.77.94.199,CN,device-0200,16,1050401,0.381,benign,sentinelforge-event-generator
evt-000107,2026-05-18T22:22:36.019776+00:00,cloudtrail.api_call,user-0120,10.156.232.5,CA,device-0250,7,1830244,0.095,benign,sentinelforge-event-generator
evt-000108,2026-05-19T16:11:01.019782+00:00,auth.mfa_challenge,user-0085,10.163.172.8,DE,device-0223,20,1971861,0.481,suspicious,sentinelforge-event-generator
evt-000109,2026-05-19T17:16:30.019788+00:00,firewall.connection,user-0183,10.175.207.246,US,device-0198,20,458937,0.189,benign,sentinelforge-event-generator
evt-000110,2026-05-19T05:00:34.019799+00:00,dns.query,user-0320,10.123.20.183,BR,device-0084,6,592294,0.185,benign,sentinelforge-event-generator
evt-000111,2026-05-19T14:44:49.019807+00:00,auth.mfa_challenge,user-0258,10.14.0.97,CA,device-0104,7,384263,0.174,benign,sentinelforge-event-generator
evt-000112,2026-05-19T08:56:20.019813+00:00,cloudtrail.api_call,user-0449,10.11.86.240,CN,device-0179,2,570881,0.387,benign,sentinelforge-event-generator
evt-000113,2026-05-18T22:57:17.019819+00:00,cloudtrail.api_call,user-0415,10.84.245.219,GB,device-0013,9,1251796,0.056,benign,sentinelforge-event-generator
evt-000114,2026-05-19T20:01:01.019825+00:00,auth.mfa_challenge,user-0391,10.74.115.55,BR,device-0137,9,1769539,0.547,suspicious,sentinelforge-event-generator
evt-000115,2026-05-19T07:10:12.019831+00:00,dns.query,user-0253,10.75.54.208,GB,device-0067,14,1791518,0.087,benign,sentinelforge-event-generator
evt-000116,2026-05-19T15:10:54.019837+00:00,auth.mfa_challenge,user-0323,10.76.237.136,NG,device-0130,11,1682914,0.739,suspicious,sentinelforge-event-generator
evt-000117,2026-05-19T06:38:21.019843+00:00,cloudtrail.api_call,user-0129,10.82.137.32,US,device-0064,7,1741259,0.194,benign,sentinelforge-event-generator
evt-000118,2026-05-19T17:13:30.019851+00:00,dns.query,user-0309,10.229.141.243,IN,device-0045,9,674030,0.126,benign,sentinelforge-event-generator
evt-000119,2026-05-19T14:45:16.019857+00:00,auth.mfa_challenge,user-0300,10.161.115.62,CN,device-0193,12,857676,0.672,suspicious,sentinelforge-event-generator
evt-000120,2026-05-19T07:50:52.019863+00:00,firewall.connection,user-0333,10.6.39.176,CA,device-0015,7,103716,0.179,benign,sentinelforge-event-generator
evt-000121,2026-05-19T16:45:16.019869+00:00,auth.login,user-0209,10.166.174.78,GB,device-0133,5,1459753,0.148,benign,sentinelforge-event-generator
evt-000122,2026-05-19T05:23:09.019875+00:00,dns.query,user-0103,10.61.118.137,CN,device-0182,0,393187,0.251,benign,sentinelforge-event-generator
evt-000123,2026-05-19T16:26:39.019881+00:00,dns.query,user-0349,10.51.248.152,DE,device-0115,11,347160,0.109,benign,sentinelforge-event-generator
evt-000124,2026-05-19T11:58:14.019887+00:00,dns.query,user-0153,10.155.228.146,DE,device-0165,2,64131,0.187,benign,sentinelforge-event-generator
evt-000125,2026-05-19T01:44:53.019893+00:00,dns.query,user-0039,10.139.156.171,DE,device-0011,18,1795333,0.16,benign,sentinelforge-event-generator
evt-000126,2026-05-19T08:11:40.019898+00:00,firewall.connection,user-0187,10.48.17.68,DE,device-0028,20,1006551,0.452,suspicious,sentinelforge-event-generator
evt-000127,2026-05-18T20:50:27.019904+00:00,firewall.connection,user-0180,10.102.244.151,US,device-0009,0,234625,0.156,benign,sentinelforge-event-generator
evt-000128,2026-05-19T00:14:46.019910+00:00,auth.mfa_challenge,user-0452,10.109.177.156,CN,device-0151,4,557113,0.296,benign,sentinelforge-event-generator
evt-000129,2026-05-19T12:42:18.019916+00:00,auth.mfa_challenge,user-0486,10.106.74.234,NG,device-0067,13,1153749,0.696,suspicious,sentinelforge-event-generator
evt-000130,2026-05-19T02:05:49.019922+00:00,endpoint.process,user-0209,10.93.231.35,NG,device-0182,10,46800,0.325,benign,sentinelforge-event-generator
evt-000131,2026-05-19T14:06:03.019928+00:00,endpoint.process,user-0269,10.19.128.103,IN,device-0064,19,948302,0.141,benign,sentinelforge-event-generator
evt-000132,2026-05-19T10:04:05.019934+00:00,cloudtrail.api_call,user-0099,10.199.244.205,BR,device-0171,5,1825762,0.061,benign,sentinelforge-event-generator
evt-000133,2026-05-18T23:15:57.019940+00:00,auth.login,user-0279,10.154.112.100,GB,device-0156,19,537884,0.45,suspicious,sentinelforge-event-generator
evt-000134,2026-05-19T09:13:32.019946+00:00,cloudtrail.api_call,user-0160,10.152.200.12,DE,device-0089,12,1542310,0.091,benign,sentinelforge-event-generator
evt-000135,2026-05-19T14:33:44.019952+00:00,firewall.connection,user-0497,10.83.78.63,BR,device-0020,10,119433,0.103,benign,sentinelforge-event-generator
evt-000136,2026-05-18T22:40:54.019958+00:00,dns.query,user-0099,10.58.59.232,IN,device-0070,18,1030886,0.123,benign,sentinelforge-event-generator
evt-000137,2026-05-19T08:55:35.019966+00:00,endpoint.process,user-0435,10.201.133.85,IN,device-0016,17,432168,0.077,benign,sentinelforge-event-generator
evt-000138,2026-05-19T18:06:29.019972+00:00,auth.login,user-0147,10.95.107.37,RU,device-0079,0,997827,0.338,benign,sentinelforge-event-generator
evt-000139,2026-05-19T18:24:25.019978+00:00,dns.query,user-0120,10.167.80.45,CN,device-0108,16,1051193,0.338,benign,sentinelforge-event-generator
evt-000140,2026-05-19T07:16:14.019984+00:00,dns.query,user-0380,10.229.137.101,BR,device-0189,2,1006439,0.115,benign,sentinelforge-event-generator
evt-000141,2026-05-19T19:23:05.019990+00:00,endpoint.process,user-0137,10.37.137.86,GB,device-0075,5,1477038,0.127,benign,sentinelforge-event-generator
evt-000142,2026-05-19T11:10:15.019996+00:00,auth.mfa_challenge,user-0430,10.27.219.37,BR,device-0243,3,1710495,0.106,benign,sentinelforge-event-generator
evt-000143,2026-05-18T21:49:21.020004+00:00,auth.login,user-0456,10.95.223.83,US,device-0232,8,29211,0.534,suspicious,sentinelforge-event-generator
evt-000144,2026-05-19T04:41:22.020009+00:00,firewall.connection,user-0113,10.62.247.22,GB,device-0247,13,1281067,0.352,benign,sentinelforge-event-generator
evt-000145,2026-05-19T10:39:43.020015+00:00,auth.login,user-0277,10.7.80.138,NG,device-0037,10,962911,0.609,suspicious,sentinelforge-event-generator
evt-000146,2026-05-19T01:49:31.020021+00:00,firewall.connection,user-0263,10.39.205.216,NG,device-0076,19,1630252,0.661,suspicious,sentinelforge-event-generator
evt-000147,2026-05-19T01:09:09.020027+00:00,endpoint.process,user-0276,10.249.246.62,DE,device-0243,9,1731754,0.051,benign,sentinelforge-event-generator
evt-000148,2026-05-19T13:06:39.020033+00:00,dns.query,user-0076,10.228.75.112,GB,device-0239,14,660707,0.161,benign,sentinelforge-event-generator
evt-000149,2026-05-19T08:35:58.020039+00:00,endpoint.process,user-0418,10.135.239.193,BR,device-0236,8,1525216,0.109,benign,sentinelforge-event-generator
evt-000150,2026-05-19T10:52:13.020044+00:00,firewall.connection,user-0207,10.117.73.137,DE,device-0156,14,982807,0.083,benign,sentinelforge-event-generator
evt-000151,2026-05-18T22:03:09.020050+00:00,auth.mfa_challenge,user-0107,10.6.35.30,IN,device-0190,20,1858343,0.474,suspicious,sentinelforge-event-generator
evt-000152,2026-05-19T12:46:42.020057+00:00,dns.query,user-0452,10.177.240.211,CA,device-0043,12,1523412,0.073,benign,sentinelforge-event-generator
evt-000153,2026-05-19T18:38:41.020062+00:00,auth.login,user-0365,10.229.159.85,GB,device-0244,12,695591,0.419,benign,sentinelforge-event-generator
evt-000154,2026-05-18T22:41:07.020068+00:00,auth.mfa_challenge,user-0076,10.32.36.103,NG,device-0141,0,1847415,0.399,benign,sentinelforge-event-generator
evt-000155,2026-05-19T18:46:01.020074+00:00,firewall.connection,user-0013,10.6.121.214,US,device-0084,19,1373718,0.397,benign,sentinelforge-event-generator
evt-000156,2026-05-19T10:59:48.020080+00:00,dns.query,user-0403,10.184.197.10,GB,device-0008,17,962175,0.062,benign,sentinelforge-event-generator
evt-000157,2026-05-19T14:29:58.020086+00:00,dns.query,user-0347,10.117.114.187,BR,device-0162,13,490977,0.137,benign,sentinelforge-event-generator
evt-000158,2026-05-19T04:25:05.020091+00:00,endpoint.process,user-0246,10.70.71.145,US,device-0102,17,608138,0.196,benign,sentinelforge-event-generator
evt-000159,2026-05-19T12:52:15.020097+00:00,endpoint.process,user-0114,10.28.200.26,DE,device-0046,12,1363280,0.059,benign,sentinelforge-event-generator
evt-000160,2026-05-18T23:17:10.020103+00:00,auth.mfa_challenge,user-0104,10.37.153.16,IN,device-0017,19,1424733,0.439,benign,sentinelforge-event-generator
evt-000161,2026-05-19T02:39:19.020108+00:00,endpoint.process,user-0369,10.176.5.127,NG,device-0216,13,238771,0.364,benign,sentinelforge-event-generator
evt-000162,2026-05-19T20:15:09.020114+00:00,auth.login,user-0097,10.148.151.182,CA,device-0027,15,1776654,0.43,benign,sentinelforge-event-generator
evt-000163,2026-05-19T16:31:13.020120+00:00,cloudtrail.api_call,user-0229,10.31.211.82,GB,device-0197,20,1471549,0.125,benign,sentinelforge-event-generator
evt-000164,2026-05-18T22:13:47.020127+00:00,dns.query,user-0384,10.74.176.240,DE,device-0163,7,46717,0.134,benign,sentinelforge-event-generator
evt-000165,2026-05-18T21:57:34.020133+00:00,auth.mfa_challenge,user-0442,10.126.106.231,BR,device-0123,4,1191108,0.103,benign,sentinelforge-event-generator
evt-000166,2026-05-19T16:53:55.020139+00:00,auth.mfa_challenge,user-0293,10.153.215.182,CA,device-0177,2,41068,0.075,benign,sentinelforge-event-generator
evt-000167,2026-05-19T06:18:56.020144+00:00,endpoint.process,user-0247,10.31.104.192,GB,device-0140,9,554435,0.081,benign,sentinelforge-event-generator
evt-000168,2026-05-18T21:45:22.020150+00:00,dns.query,user-0310,10.28.17.171,IN,device-0165,14,1253894,0.126,benign,sentinelforge-event-generator
evt-000169,2026-05-18T22:24:55.020156+00:00,dns.query,user-0114,10.16.42.93,CN,device-0143,11,3693,0.278,benign,sentinelforge-event-generator
evt-000170,2026-05-19T06:32:52.020162+00:00,dns.query,user-0388,10.40.105.174,CN,device-0042,10,25835,0.365,benign,sentinelforge-event-generator
evt-000171,2026-05-19T16:16:23.020168+00:00,cloudtrail.api_call,user-0105,10.175.55.34,DE,device-0168,2,1516940,0.165,benign,sentinelforge-event-generator
evt-000172,2026-05-19T14:27:37.020174+00:00,dns.query,user-0120,10.92.227.132,CN,device-0217,19,441294,0.267,benign,sentinelforge-event-generator
evt-000173,2026-05-19T15:29:01.020180+00:00,dns.query,user-0429,10.13.185.120,RU,device-0095,13,225633,0.301,benign,sentinelforge-event-generator
evt-000174,2026-05-19T04:48:04.020185+00:00,endpoint.process,user-0280,10.250.70.242,US,device-0013,19,1351367,0.116,benign,sentinelforge-event-generator
evt-000175,2026-05-19T06:30:33.020192+00:00,cloudtrail.api_call,user-0180,10.90.162.3,RU,device-0088,14,1765162,0.374,benign,sentinelforge-event-generator
evt-000176,2026-05-19T18:27:16.020198+00:00,auth.mfa_challenge,user-0410,10.178.134.180,CA,device-0244,13,1936215,0.459,suspicious,sentinelforge-event-generator
evt-000177,2026-05-19T10:03:23.020205+00:00,auth.mfa_challenge,user-0477,10.66.133.142,DE,device-0122,1,1804555,0.142,benign,sentinelforge-event-generator
evt-000178,2026-05-19T18:42:41.020211+00:00,auth.login,user-0368,10.60.248.140,DE,device-0177,9,1365429,0.443,benign,sentinelforge-event-generator
evt-000179,2026-05-19T17:34:55.020217+00:00,dns.query,user-0036,10.100.69.158,CN,device-0142,10,1745012,0.333,benign,sentinelforge-event-generator
evt-000180,2026-05-19T04:55:47.020223+00:00,auth.mfa_challenge,user-0437,10.197.140.202,GB,device-0053,16,727895,0.427,benign,sentinelforge-event-generator
evt-000181,2026-05-18T21:51:21.020229+00:00,endpoint.process,user-0267,10.150.215.223,CN,device-0096,14,1688109,0.341,benign,sentinelforge-event-generator
evt-000182,2026-05-19T08:55:59.020235+00:00,cloudtrail.api_call,user-0153,10.53.197.81,GB,device-0075,1,696196,0.076,benign,sentinelforge-event-generator
evt-000183,2026-05-19T07:29:31.020241+00:00,firewall.connection,user-0200,10.78.229.186,CN,device-0195,4,181518,0.283,benign,sentinelforge-event-generator
evt-000184,2026-05-19T06:41:05.020246+00:00,firewall.connection,user-0406,10.249.172.39,US,device-0041,3,1183278,0.431,benign,sentinelforge-event-generator
evt-000185,2026-05-19T14:54:36.020254+00:00,firewall.connection,user-0011,10.238.165.21,IN,device-0117,11,1018999,0.452,suspicious,sentinelforge-event-generator
evt-000186,2026-05-18T21:11:26.020260+00:00,auth.login,user-0067,10.180.104.193,US,device-0030,0,2707,0.094,benign,sentinelforge-event-generator
evt-000187,2026-05-19T00:43:09.020266+00:00,auth.mfa_challenge,user-0390,10.115.28.254,RU,device-0099,3,1094199,0.316,benign,sentinelforge-event-generator
evt-000188,2026-05-19T07:15:54.020271+00:00,dns.query,user-0463,10.182.50.11,IN,device-0065,17,1213902,0.063,benign,sentinelforge-event-generator
evt-000189,2026-05-19T06:18:57.020277+00:00,auth.login,user-0301,10.24.49.18,NG,device-0031,11,310080,0.656,suspicious,sentinelforge-event-generator
evt-000190,2026-05-19T00:56:17.020283+00:00,cloudtrail.api_call,user-0154,10.220.149.245,IN,device-0002,4,114350,0.177,benign,sentinelforge-event-generator
evt-000191,2026-05-19T02:55:17.020289+00:00,endpoint.process,user-0017,10.106.159.182,CA,device-0208,5,1206683,0.16,benign,sentinelforge-event-generator
evt-000192,2026-05-19T10:43:55.020295+00:00,auth.mfa_challenge,user-0452,10.160.213.26,BR,device-0062,8,1365199,0.505,suspicious,sentinelforge-event-generator
evt-000193,2026-05-19T10:28:49.020301+00:00,dns.query,user-0385,10.193.50.67,BR,device-0240,6,189711,0.187,benign,sentinelforge-event-generator
evt-000194,2026-05-19T11:51:00.020307+00:00,auth.mfa_challenge,user-0456,10.232.151.10,RU,device-0056,11,38686,0.748,suspicious,sentinelforge-event-generator
evt-000195,2026-05-19T06:10:37.020313+00:00,firewall.connection,user-0431,10.32.245.134,IN,device-0129,15,1468502,0.422,benign,sentinelforge-event-generator
evt-000196,2026-05-19T14:12:53.020318+00:00,auth.mfa_challenge,user-0222,10.103.207.124,GB,device-0203,2,902534,0.082,benign,sentinelforge-event-generator
evt-000197,2026-05-19T02:42:33.020324+00:00,firewall.connection,user-0398,10.75.91.85,DE,device-0159,11,1467607,0.405,benign,sentinelforge-event-generator
evt-000198,2026-05-19T13:00:29.020330+00:00,cloudtrail.api_call,user-0321,10.93.24.75,RU,device-0157,18,1292501,0.359,benign,sentinelforge-event-generator
evt-000199,2026-05-19T09:00:39.020336+00:00,firewall.connection,user-0074,10.128.93.43,BR,device-0121,19,1060853,0.44,benign,sentinelforge-event-generator
evt-000200,2026-05-19T10:41:04.020341+00:00,auth.mfa_challenge,user-0155,10.252.34.245,DE,device-0174,0,1513612,0.183,benign,sentinelforge-event-generator
evt-000201,2026-05-19T03:30:13.020347+00:00,firewall.connection,user-0456,10.105.213.127,RU,device-0108,20,1134136,0.65,suspicious,sentinelforge-event-generator
evt-000202,2026-05-18T21:42:58.020353+00:00,auth.mfa_challenge,user-0102,10.218.209.31,GB,device-0177,13,1556637,0.525,suspicious,sentinelforge-event-generator
evt-000203,2026-05-19T00:04:55.020359+00:00,cloudtrail.api_call,user-0173,10.47.175.233,DE,device-0059,17,718964,0.056,benign,sentinelforge-event-generator
evt-000204,2026-05-19T16:52:49.020364+00:00,auth.mfa_challenge,user-0314,10.107.134.82,US,device-0111,5,346351,0.198,benign,sentinelforge-event-generator
evt-000205,2026-05-19T01:38:59.020371+00:00,firewall.connection,user-0068,10.5.194.51,RU,device-0080,3,1078167,0.566,suspicious,sentinelforge-event-generator
evt-000206,2026-05-19T14:06:22.020377+00:00,dns.query,user-0013,10.7.190.168,NG,device-0096,9,1663672,0.369,benign,sentinelforge-event-generator
evt-000207,2026-05-19T17:54:32.020383+00:00,firewall.connection,user-0290,10.107.169.16,CA,device-0246,1,1265155,0.429,benign,sentinelforge-event-generator
evt-000208,2026-05-19T18:31:11.020389+00:00,endpoint.process,user-0072,10.246.154.181,BR,device-0057,6,274749,0.18,benign,sentinelforge-event-generator
evt-000209,2026-05-19T06:04:31.020394+00:00,auth.login,user-0477,10.223.221.44,DE,device-0071,8,1459368,0.404,benign,sentinelforge-event-generator
evt-000210,2026-05-19T19:27:14.020400+00:00,cloudtrail.api_call,user-0362,10.116.217.156,RU,device-0048,8,1533022,0.259,benign,sentinelforge-event-generator
evt-000211,2026-05-19T02:30:27.020406+00:00,dns.query,user-0431,10.14.95.64,GB,device-0187,16,1922869,0.136,benign,sentinelforge-event-generator
evt-000212,2026-05-18T22:51:37.020412+00:00,firewall.connection,user-0329,10.68.222.137,NG,device-0118,1,1817972,0.571,suspicious,sentinelforge-event-generator
evt-000213,2026-05-19T09:42:46.020418+00:00,auth.login,user-0451,10.94.66.208,NG,device-0146,6,929199,0.39,benign,sentinelforge-event-generator
evt-000214,2026-05-18T21:38:13.020424+00:00,cloudtrail.api_call,user-0063,10.11.106.171,GB,device-0044,15,686115,0.102,benign,sentinelforge-event-generator
evt-000215,2026-05-19T11:32:19.020429+00:00,endpoint.process,user-0030,10.99.128.118,DE,device-0199,13,1940422,0.111,benign,sentinelforge-event-generator
evt-000216,2026-05-18T21:30:47.020435+00:00,firewall.connection,user-0293,10.35.153.137,BR,device-0126,5,688876,0.19,benign,sentinelforge-event-generator
evt-000217,2026-05-19T19:35:28.020443+00:00,dns.query,user-0025,10.224.81.26,DE,device-0138,7,701440,0.081,benign,sentinelforge-event-generator
evt-000218,2026-05-19T20:16:07.020449+00:00,auth.login,user-0351,10.51.176.244,NG,device-0092,0,866527,0.326,benign,sentinelforge-event-generator
evt-000219,2026-05-19T16:49:50.020454+00:00,cloudtrail.api_call,user-0321,10.34.53.49,GB,device-0137,10,700704,0.13,benign,sentinelforge-event-generator
evt-000220,2026-05-19T00:10:32.020460+00:00,cloudtrail.api_call,user-0126,10.207.254.88,GB,device-0195,2,812359,0.115,benign,sentinelforge-event-generator
evt-000221,2026-05-19T05:27:26.020466+00:00,endpoint.process,user-0457,10.103.153.193,CA,device-0055,7,1088141,0.063,benign,sentinelforge-event-generator
evt-000222,2026-05-19T10:14:38.020472+00:00,endpoint.process,user-0423,10.163.221.30,DE,device-0193,12,243585,0.112,benign,sentinelforge-event-generator
evt-000223,2026-05-19T06:18:35.020477+00:00,auth.mfa_challenge,user-0329,10.133.111.121,DE,device-0204,12,987996,0.477,suspicious,sentinelforge-event-generator
evt-000224,2026-05-19T14:28:58.020483+00:00,auth.mfa_challenge,user-0066,10.223.237.161,DE,device-0104,14,708247,0.49,suspicious,sentinelforge-event-generator
evt-000225,2026-05-19T04:35:22.020489+00:00,endpoint.process,user-0034,10.111.21.215,NG,device-0008,6,1912600,0.375,benign,sentinelforge-event-generator
evt-000226,2026-05-19T13:48:16.020495+00:00,firewall.connection,user-0178,10.45.55.109,DE,device-0123,3,486622,0.156,benign,sentinelforge-event-generator
evt-000227,2026-05-19T08:32:42.020500+00:00,cloudtrail.api_call,user-0473,10.203.125.1,CA,device-0164,14,503790,0.068,benign,sentinelforge-event-generator
evt-000228,2026-05-19T10:45:59.020506+00:00,dns.query,user-0263,10.18.7.207,NG,device-0131,20,247343,0.251,benign,sentinelforge-event-generator
evt-000229,2026-05-19T04:33:25.020513+00:00,dns.query,user-0214,10.228.226.91,GB,device-0240,10,707973,0.126,benign,sentinelforge-event-generator
evt-000230,2026-05-19T10:02:55.020519+00:00,firewall.connection,user-0484,10.59.247.96,CA,device-0054,17,1154274,0.428,benign,sentinelforge-event-generator
evt-000231,2026-05-19T11:39:55.020526+00:00,endpoint.process,user-0120,10.17.205.114,DE,device-0229,13,1031311,0.18,benign,sentinelforge-event-generator
evt-000232,2026-05-18T23:42:31.020532+00:00,auth.mfa_challenge,user-0294,10.110.214.187,IN,device-0024,18,1432498,0.497,suspicious,sentinelforge-event-generator
evt-000233,2026-05-19T06:46:10.020538+00:00,endpoint.process,user-0367,10.216.255.62,US,device-0221,2,53316,0.056,benign,sentinelforge-event-generator
evt-000234,2026-05-19T09:40:26.020544+00:00,firewall.connection,user-0101,10.205.13.180,BR,device-0138,3,1851157,0.361,benign,sentinelforge-event-generator
evt-000235,2026-05-19T19:29:15.020550+00:00,auth.mfa_challenge,user-0256,10.122.123.188,IN,device-0063,16,1087002,0.504,suspicious,sentinelforge-event-generator
evt-000236,2026-05-19T05:53:13.020555+00:00,auth.login,user-0235,10.212.79.160,DE,device-0095,5,1279233,0.146,benign,sentinelforge-event-generator
evt-000237,2026-05-19T14:31:59.020561+00:00,auth.login,user-0040,10.225.149.241,RU,device-0202,8,909086,0.608,suspicious,sentinelforge-event-generator
evt-000238,2026-05-19T04:21:39.020567+00:00,dns.query,user-0166,10.17.47.82,RU,device-0233,16,1969485,0.289,benign,sentinelforge-event-generator
evt-000239,2026-05-18T23:26:19.020573+00:00,firewall.connection,user-0108,10.61.167.148,IN,device-0113,10,1278056,0.48,suspicious,sentinelforge-event-generator
evt-000240,2026-05-19T11:18:26.020579+00:00,dns.query,user-0051,10.35.12.90,BR,device-0186,0,666855,0.073,benign,sentinelforge-event-generator
evt-000241,2026-05-18T22:01:13.020585+00:00,endpoint.process,user-0217,10.59.128.103,CA,device-0138,18,683747,0.056,benign,sentinelforge-event-generator
evt-000242,2026-05-19T05:34:48.020591+00:00,auth.mfa_challenge,user-0161,10.57.57.2,IN,device-0125,4,763775,0.072,benign,sentinelforge-event-generator
evt-000243,2026-05-19T15:09:54.020597+00:00,auth.mfa_challenge,user-0413,10.53.133.230,CN,device-0127,5,415431,0.362,benign,sentinelforge-event-generator
evt-000244,2026-05-19T03:22:07.020603+00:00,auth.login,user-0176,10.29.75.111,DE,device-0154,2,552982,0.083,benign,sentinelforge-event-generator
evt-000245,2026-05-18T22:18:11.020609+00:00,auth.login,user-0315,10.194.198.106,NG,device-0249,7,865915,0.355,benign,sentinelforge-event-generator
evt-000246,2026-05-19T01:14:03.020614+00:00,auth.mfa_challenge,user-0062,10.102.236.246,DE,device-0035,19,1865178,0.423,benign,sentinelforge-event-generator
evt-000247,2026-05-19T13:03:48.020620+00:00,auth.login,user-0129,10.149.116.22,DE,device-0114,19,1402539,0.411,benign,sentinelforge-event-generator
evt-000248,2026-05-19T04:37:06.020626+00:00,auth.mfa_challenge,user-0225,10.38.7.197,RU,device-0083,17,258156,0.689,suspicious,sentinelforge-event-generator
evt-000249,2026-05-19T05:25:45.020632+00:00,firewall.connection,user-0236,10.174.180.184,US,device-0222,15,1332488,0.484,suspicious,sentinelforge-event-generator
evt-000250,2026-05-18T21:37:18.020637+00:00,auth.login,user-0323,10.65.2.219,US,device-0118,19,337609,0.514,suspicious,sentinelforge-event-generator
evt-000251,2026-05-18T23:25:08.020643+00:00,dns.query,user-0134,10.201.189.32,IN,device-0042,12,85111,0.099,benign,sentinelforge-event-generator
evt-000252,2026-05-19T16:34:06.020649+00:00,auth.login,user-0370,10.80.112.50,RU,device-0076,7,498822,0.39,benign,sentinelforge-event-generator
evt-000253,2026-05-19T04:36:03.020655+00:00,firewall.connection,user-0039,10.216.203.239,GB,device-0146,13,749085,0.125,benign,sentinelforge-event-generator
evt-000254,2026-05-19T19:55:03.020661+00:00,dns.query,user-0459,10.58.105.59,BR,device-0044,6,731055,0.175,benign,sentinelforge-event-generator
evt-000255,2026-05-19T05:26:16.020667+00:00,auth.mfa_challenge,user-0471,10.220.206.58,NG,device-0094,13,27758,0.731,suspicious,sentinelforge-event-generator
evt-000256,2026-05-18T22:17:17.020673+00:00,endpoint.process,user-0258,10.228.37.85,CN,device-0084,19,829084,0.311,benign,sentinelforge-event-generator
evt-000257,2026-05-19T09:19:09.020680+00:00,dns.query,user-0313,10.97.121.54,GB,device-0035,6,829109,0.194,benign,sentinelforge-event-generator
evt-000258,2026-05-19T18:57:18.020686+00:00,auth.mfa_challenge,user-0437,10.151.29.169,RU,device-0169,7,1334149,0.298,benign,sentinelforge-event-generator
evt-000259,2026-05-19T03:45:26.020692+00:00,endpoint.process,user-0486,10.206.245.46,DE,device-0184,10,1858408,0.127,benign,sentinelforge-event-generator
evt-000260,2026-05-19T01:47:47.020698+00:00,cloudtrail.api_call,user-0375,10.231.188.163,CN,device-0021,19,187154,0.343,benign,sentinelforge-event-generator
evt-000261,2026-05-19T05:19:54.020704+00:00,firewall.connection,user-0014,10.212.244.170,IN,device-0041,7,1987452,0.361,benign,sentinelforge-event-generator
evt-000262,2026-05-19T16:51:37.020710+00:00,firewall.connection,user-0236,10.205.244.29,NG,device-0206,17,1940083,0.697,suspicious,sentinelforge-event-generator
evt-000263,2026-05-18T20:53:10.020716+00:00,firewall.connection,user-0422,10.62.44.54,CA,device-0002,19,473092,0.155,benign,sentinelforge-event-generator
evt-000264,2026-05-19T04:52:42.020721+00:00,auth.login,user-0324,10.16.144.86,GB,device-0021,2,1808444,0.183,benign,sentinelforge-event-generator
evt-000265,2026-05-19T04:16:38.020727+00:00,cloudtrail.api_call,user-0390,10.27.101.135,NG,device-0043,6,456639,0.365,benign,sentinelforge-event-generator
evt-000266,2026-05-19T01:04:37.020733+00:00,cloudtrail.api_call,user-0379,10.98.116.63,NG,device-0112,14,1789291,0.39,benign,sentinelforge-event-generator
evt-000267,2026-05-19T06:31:08.020739+00:00,auth.mfa_challenge,user-0411,10.33.178.219,BR,device-0091,9,1838388,0.534,suspicious,sentinelforge-event-generator
evt-000268,2026-05-19T02:15:49.020745+00:00,endpoint.process,user-0274,10.232.110.34,US,device-0063,4,265869,0.14,benign,sentinelforge-event-generator
evt-000269,2026-05-18T21:41:55.020751+00:00,firewall.connection,user-0206,10.138.42.216,DE,device-0143,6,850976,0.156,benign,sentinelforge-event-generator
evt-000270,2026-05-19T00:43:09.020757+00:00,dns.query,user-0018,10.138.16.104,DE,device-0149,6,684312,0.18,benign,sentinelforge-event-generator
evt-000271,2026-05-19T04:55:01.020763+00:00,dns.query,user-0418,10.233.206.43,DE,device-0022,18,640661,0.089,benign,sentinelforge-event-generator
evt-000272,2026-05-19T00:31:28.020770+00:00,dns.query,user-0449,10.89.47.49,CA,device-0188,12,1448218,0.068,benign,sentinelforge-event-generator
evt-000273,2026-05-19T13:28:45.020776+00:00,cloudtrail.api_call,user-0257,10.113.134.138,NG,device-0039,15,255610,0.36,benign,sentinelforge-event-generator
evt-000274,2026-05-19T04:21:47.020782+00:00,auth.login,user-0190,10.200.204.47,CN,device-0093,19,196374,0.738,suspicious,sentinelforge-event-generator
evt-000275,2026-05-19T19:16:45.020789+00:00,auth.mfa_challenge,user-0292,10.210.168.76,RU,device-0235,4,274034,0.311,benign,sentinelforge-event-generator
evt-000276,2026-05-19T05:25:24.020794+00:00,firewall.connection,user-0377,10.9.19.253,IN,device-0156,13,964421,0.116,benign,sentinelforge-event-generator
evt-000277,2026-05-19T16:15:42.020800+00:00,cloudtrail.api_call,user-0143,10.134.7.135,CN,device-0210,0,271600,0.294,benign,sentinelforge-event-generator
evt-000278,2026-05-19T03:36:41.020806+00:00,endpoint.process,user-0037,10.207.59.123,CA,device-0004,4,935148,0.147,benign,sentinelforge-event-generator
evt-000279,2026-05-19T07:40:59.020812+00:00,auth.mfa_challenge,user-0074,10.144.101.7,BR,device-0133,19,564587,0.494,suspicious,sentinelforge-event-generator
evt-000280,2026-05-19T04:36:21.020818+00:00,endpoint.process,user-0372,10.11.27.17,CA,device-0080,13,1693598,0.107,benign,sentinelforge-event-generator
evt-000281,2026-05-19T05:04:19.020826+00:00,auth.mfa_challenge,user-0055,10.108.203.69,NG,device-0063,10,1613057,0.716,suspicious,sentinelforge-event-generator
evt-000282,2026-05-19T15:13:04.020832+00:00,auth.mfa_challenge,user-0291,10.127.150.237,RU,device-0096,12,1842440,0.606,suspicious,sentinelforge-event-generator
evt-000283,2026-05-19T01:42:44.020838+00:00,firewall.connection,user-0198,10.1.25.15,GB,device-0081,15,1695997,0.387,benign,sentinelforge-event-generator
evt-000284,2026-05-19T10:50:49.020843+00:00,auth.mfa_challenge,user-0287,10.115.242.60,RU,device-0145,5,1966403,0.362,benign,sentinelforge-event-generator
evt-000285,2026-05-19T14:58:52.020849+00:00,auth.login,user-0031,10.167.4.189,IN,device-0146,4,533281,0.095,benign,sentinelforge-event-generator
evt-000286,2026-05-19T17:27:44.020855+00:00,endpoint.process,user-0013,10.232.123.210,BR,device-0056,18,1450819,0.096,benign,sentinelforge-event-generator
evt-000287,2026-05-19T10:15:19.020861+00:00,firewall.connection,user-0124,10.191.82.13,CN,device-0090,2,1013898,0.688,suspicious,sentinelforge-event-generator
evt-000288,2026-05-19T09:04:55.020866+00:00,dns.query,user-0401,10.179.255.127,IN,device-0133,3,576713,0.184,benign,sentinelforge-event-generator
evt-000289,2026-05-19T16:06:46.020872+00:00,auth.login,user-0123,10.60.162.93,DE,device-0097,1,935039,0.096,benign,sentinelforge-event-generator
evt-000290,2026-05-19T05:27:21.020878+00:00,auth.login,user-0021,10.61.185.14,NG,device-0201,16,769260,0.734,suspicious,sentinelforge-event-generator
evt-000291,2026-05-19T09:45:01.020884+00:00,cloudtrail.api_call,user-0079,10.173.147.54,BR,device-0025,20,904750,0.129,benign,sentinelforge-event-generator
evt-000292,2026-05-18T20:28:17.020890+00:00,auth.login,user-0363,10.157.194.122,CA,device-0099,19,409833,0.506,suspicious,sentinelforge-event-generator
evt-000293,2026-05-18T22:02:50.020895+00:00,firewall.connection,user-0236,10.166.102.164,GB,device-0154,14,974892,0.074,benign,sentinelforge-event-generator
evt-000294,2026-05-18T22:18:40.020901+00:00,firewall.connection,user-0061,10.87.75.167,IN,device-0186,5,13208,0.141,benign,sentinelforge-event-generator
evt-000295,2026-05-19T10:14:53.020907+00:00,cloudtrail.api_call,user-0368,10.157.38.127,BR,device-0025,13,1331667,0.077,benign,sentinelforge-event-generator
evt-000296,2026-05-19T13:07:25.020913+00:00,endpoint.process,user-0423,10.116.80.221,DE,device-0073,5,611429,0.157,benign,sentinelforge-event-generator
evt-000297,2026-05-19T11:07:00.020920+00:00,dns.query,user-0019,10.159.130.16,DE,device-0109,16,318176,0.075,benign,sentinelforge-event-generator
evt-000298,2026-05-19T00:48:49.020926+00:00,auth.login,user-0366,10.30.245.80,BR,device-0234,10,491755,0.5,suspicious,sentinelforge-event-generator
evt-000299,2026-05-19T02:00:12.020934+00:00,cloudtrail.api_call,user-0316,10.80.88.228,IN,device-0056,12,1035935,0.152,benign,sentinelforge-event-generator
evt-000300,2026-05-19T17:37:26.020940+00:00,cloudtrail.api_call,user-0203,10.4.9.78,RU,device-0225,14,687488,0.321,benign,sentinelforge-event-generator
evt-000301,2026-05-19T08:25:13.020946+00:00,firewall.connection,user-0087,10.249.211.16,DE,device-0188,10,894089,0.078,benign,sentinelforge-event-generator
evt-000302,2026-05-19T12:36:16.020952+00:00,endpoint.process,user-0192,10.7.172.55,IN,device-0082,9,1815650,0.09,benign,sentinelforge-event-generator
evt-000303,2026-05-19T17:41:25.020958+00:00,firewall.connection,user-0015,10.74.132.218,IN,device-0046,18,759221,0.151,benign,sentinelforge-event-generator
evt-000304,2026-05-18T22:42:13.020964+00:00,auth.mfa_challenge,user-0069,10.81.237.96,DE,device-0179,1,907066,0.078,benign,sentinelforge-event-generator
evt-000305,2026-05-18T23:53:31.020970+00:00,endpoint.process,user-0295,10.93.205.127,RU,device-0205,15,1587245,0.252,benign,sentinelforge-event-generator
evt-000306,2026-05-19T15:11:48.020976+00:00,firewall.connection,user-0133,10.29.147.97,US,device-0002,2,303264,0.095,benign,sentinelforge-event-generator
evt-000307,2026-05-19T07:13:30.020982+00:00,auth.mfa_challenge,user-0325,10.247.32.214,CA,device-0127,3,945377,0.144,benign,sentinelforge-event-generator
evt-000308,2026-05-18T23:55:11.020988+00:00,cloudtrail.api_call,user-0433,10.132.213.183,BR,device-0187,11,352371,0.141,benign,sentinelforge-event-generator
evt-000309,2026-05-19T03:15:20.020994+00:00,cloudtrail.api_call,user-0107,10.175.139.139,IN,device-0035,1,390205,0.159,benign,sentinelforge-event-generator
evt-000310,2026-05-18T21:48:07.021000+00:00,auth.login,user-0263,10.225.53.57,BR,device-0054,10,1829423,0.485,suspicious,sentinelforge-event-generator
evt-000311,2026-05-19T03:00:28.021006+00:00,auth.mfa_challenge,user-0171,10.226.153.236,US,device-0166,0,1148970,0.058,benign,sentinelforge-event-generator
evt-000312,2026-05-19T10:29:10.021011+00:00,auth.mfa_challenge,user-0404,10.160.51.118,IN,device-0234,15,861221,0.439,benign,sentinelforge-event-generator
evt-000313,2026-05-19T10:32:29.021017+00:00,auth.login,user-0396,10.82.89.3,NG,device-0084,20,241342,0.626,suspicious,sentinelforge-event-generator
evt-000314,2026-05-19T05:06:22.021023+00:00,cloudtrail.api_call,user-0446,10.241.1.169,NG,device-0133,17,754898,0.275,benign,sentinelforge-event-generator
evt-000315,2026-05-19T00:02:38.021031+00:00,endpoint.process,user-0053,10.225.26.93,BR,device-0078,8,1512761,0.054,benign,sentinelforge-event-generator
evt-000316,2026-05-19T00:23:47.021037+00:00,dns.query,user-0389,10.246.255.32,CN,device-0002,8,1448523,0.373,benign,sentinelforge-event-generator
evt-000317,2026-05-19T12:45:46.021043+00:00,firewall.connection,user-0148,10.58.174.149,CN,device-0039,7,1993737,0.683,suspicious,sentinelforge-event-generator
evt-000318,2026-05-18T20:33:14.021049+00:00,endpoint.process,user-0227,10.199.88.234,RU,device-0082,8,11564,0.313,benign,sentinelforge-event-generator
evt-000319,2026-05-19T06:26:28.021055+00:00,endpoint.process,user-0309,10.254.231.78,GB,device-0074,5,862826,0.084,benign,sentinelforge-event-generator
evt-000320,2026-05-19T07:25:59.021061+00:00,dns.query,user-0044,10.2.109.57,BR,device-0046,2,1936784,0.164,benign,sentinelforge-event-generator
evt-000321,2026-05-19T01:00:02.021067+00:00,auth.mfa_challenge,user-0133,10.57.253.41,IN,device-0201,12,1842014,0.5,suspicious,sentinelforge-event-generator
evt-000322,2026-05-19T12:37:09.021073+00:00,dns.query,user-0186,10.36.99.127,IN,device-0239,18,1598339,0.185,benign,sentinelforge-event-generator
evt-000323,2026-05-19T06:00:10.021079+00:00,auth.mfa_challenge,user-0285,10.236.244.61,US,device-0003,7,1715587,0.136,benign,sentinelforge-event-generator
evt-000324,2026-05-19T12:47:09.021085+00:00,auth.mfa_challenge,user-0386,10.214.226.36,CA,device-0081,13,788040,0.466,suspicious,sentinelforge-event-generator
evt-000325,2026-05-19T12:14:13.021090+00:00,auth.login,user-0153,10.50.21.220,RU,device-0223,16,1287987,0.655,suspicious,sentinelforge-event-generator
evt-000326,2026-05-19T01:47:52.021096+00:00,endpoint.process,user-0371,10.236.160.26,IN,device-0190,14,495949,0.193,benign,sentinelforge-event-generator
evt-000327,2026-05-19T12:16:13.021102+00:00,firewall.connection,user-0388,10.210.148.194,RU,device-0073,1,1648457,0.675,suspicious,sentinelforge-event-generator
evt-000328,2026-05-19T10:48:51.021108+00:00,auth.mfa_challenge,user-0473,10.233.146.117,CN,device-0185,7,1093711,0.285,benign,sentinelforge-event-generator
evt-000329,2026-05-18T23:06:17.021113+00:00,cloudtrail.api_call,user-0397,10.62.133.66,CA,device-0017,2,800256,0.088,benign,sentinelforge-event-generator
evt-000330,2026-05-18T20:40:01.021119+00:00,dns.query,user-0110,10.177.232.195,DE,device-0247,0,267656,0.199,benign,sentinelforge-event-generator
evt-000331,2026-05-19T13:50:49.021125+00:00,auth.mfa_challenge,user-0095,10.41.191.113,CA,device-0122,5,443029,0.165,benign,sentinelforge-event-generator
evt-000332,2026-05-19T00:50:28.021131+00:00,cloudtrail.api_call,user-0465,10.126.159.120,US,device-0245,2,1553806,0.135,benign,sentinelforge-event-generator
evt-000333,2026-05-19T04:58:38.021137+00:00,cloudtrail.api_call,user-0363,10.164.76.33,RU,device-0219,17,357048,0.265,benign,sentinelforge-event-generator
evt-000334,2026-05-19T06:36:46.021142+00:00,dns.query,user-0143,10.155.106.174,RU,device-0002,5,1906101,0.375,benign,sentinelforge-event-generator
evt-000335,2026-05-19T07:49:25.021148+00:00,auth.login,user-0180,10.128.235.206,US,device-0190,3,290854,0.078,benign,sentinelforge-event-generator
evt-000336,2026-05-19T13:13:59.021154+00:00,firewall.connection,user-0411,10.142.33.227,DE,device-0233,9,1564760,0.409,benign,sentinelforge-event-generator
evt-000337,2026-05-19T00:38:53.021161+00:00,dns.query,user-0218,10.255.74.88,DE,device-0114,2,821684,0.139,benign,sentinelforge-event-generator
evt-000338,2026-05-19T03:42:04.021167+00:00,cloudtrail.api_call,user-0494,10.38.12.4,DE,device-0079,19,400594,0.198,benign,sentinelforge-event-generator
evt-000339,2026-05-19T04:18:21.021173+00:00,auth.login,user-0029,10.95.61.35,US,device-0025,10,700747,0.526,suspicious,sentinelforge-event-generator
evt-000340,2026-05-18T22:11:58.021179+00:00,firewall.connection,user-0406,10.100.22.247,GB,device-0179,6,1106357,0.421,benign,sentinelforge-event-generator
evt-000341,2026-05-19T13:16:34.021185+00:00,cloudtrail.api_call,user-0360,10.155.218.132,RU,device-0186,5,69064,0.261,benign,sentinelforge-event-generator
evt-000342,2026-05-19T17:22:00.021190+00:00,auth.mfa_challenge,user-0083,10.201.207.156,RU,device-0102,20,958843,0.639,suspicious,sentinelforge-event-generator
evt-000343,2026-05-19T08:01:04.021196+00:00,cloudtrail.api_call,user-0380,10.141.0.198,RU,device-0029,8,776406,0.304,benign,sentinelforge-event-generator
evt-000344,2026-05-19T12:03:19.021202+00:00,firewall.connection,user-0478,10.13.249.18,BR,device-0110,7,1023529,0.431,benign,sentinelforge-event-generator
evt-000345,2026-05-18T23:44:50.021208+00:00,auth.login,user-0072,10.117.154.57,NG,device-0025,7,842209,0.334,benign,sentinelforge-event-generator
evt-000346,2026-05-19T17:29:09.021214+00:00,auth.login,user-0176,10.41.55.167,RU,device-0140,8,410396,0.739,suspicious,sentinelforge-event-generator
evt-000347,2026-05-19T20:18:10.021220+00:00,firewall.connection,user-0090,10.197.34.159,CN,device-0130,11,1885422,0.582,suspicious,sentinelforge-event-generator
evt-000348,2026-05-19T01:30:31.021226+00:00,firewall.connection,user-0220,10.203.88.139,US,device-0072,17,1398717,0.45,suspicious,sentinelforge-event-generator
evt-000349,2026-05-19T07:05:26.021232+00:00,auth.login,user-0263,10.199.126.190,NG,device-0190,14,251741,0.732,suspicious,sentinelforge-event-generator
evt-000350,2026-05-19T13:56:00.021238+00:00,dns.query,user-0199,10.251.23.49,GB,device-0118,0,1021977,0.185,benign,sentinelforge-event-generator
evt-000351,2026-05-19T16:13:12.021244+00:00,firewall.connection,user-0302,10.160.28.194,DE,device-0065,2,1421422,0.465,suspicious,sentinelforge-event-generator
evt-000352,2026-05-18T23:59:32.021249+00:00,auth.login,user-0220,10.109.76.52,BR,device-0149,3,1306984,0.143,benign,sentinelforge-event-generator
evt-000353,2026-05-19T19:08:10.021255+00:00,firewall.connection,user-0484,10.9.242.39,NG,device-0218,11,1448534,0.574,suspicious,sentinelforge-event-generator
evt-000354,2026-05-19T18:38:00.021261+00:00,firewall.connection,user-0275,10.3.239.168,NG,device-0143,7,822432,0.295,benign,sentinelforge-event-generator
evt-000355,2026-05-19T07:21:59.021267+00:00,cloudtrail.api_call,user-0148,10.87.159.88,US,device-0126,13,409557,0.13,benign,sentinelforge-event-generator
evt-000356,2026-05-18T21:36:44.021273+00:00,endpoint.process,user-0297,10.60.255.213,DE,device-0083,13,918602,0.124,benign,sentinelforge-event-generator
evt-000357,2026-05-19T16:38:26.021279+00:00,auth.mfa_challenge,user-0159,10.175.251.95,CN,device-0119,9,247040,0.692,suspicious,sentinelforge-event-generator
evt-000358,2026-05-19T12:05:09.021286+00:00,dns.query,user-0468,10.224.13.180,DE,device-0204,15,130172,0.115,benign,sentinelforge-event-generator
evt-000359,2026-05-19T18:10:31.021292+00:00,auth.login,user-0257,10.26.87.7,BR,device-0039,0,171411,0.159,benign,sentinelforge-event-generator
evt-000360,2026-05-19T00:56:47.021298+00:00,dns.query,user-0211,10.54.66.8,CN,device-0127,20,90659,0.305,benign,sentinelforge-event-generator
evt-000361,2026-05-18T21:27:58.021304+00:00,firewall.connection,user-0099,10.98.1.191,US,device-0024,14,143067,0.108,benign,sentinelforge-event-generator
evt-000362,2026-05-18T20:32:39.021309+00:00,auth.login,user-0035,10.224.12.216,GB,device-0054,10,1302491,0.469,suspicious,sentinelforge-event-generator
evt-000363,2026-05-19T00:31:40.021315+00:00,auth.mfa_challenge,user-0431,10.231.206.46,DE,device-0220,7,1231644,0.086,benign,sentinelforge-event-generator
evt-000364,2026-05-19T14:32:05.021321+00:00,firewall.connection,user-0284,10.165.149.118,IN,device-0039,7,271104,0.123,benign,sentinelforge-event-generator
evt-000365,2026-05-19T19:44:07.021327+00:00,dns.query,user-0336,10.164.229.250,GB,device-0107,2,1059827,0.132,benign,sentinelforge-event-generator
evt-000366,2026-05-19T13:41:14.021333+00:00,cloudtrail.api_call,user-0303,10.181.14.105,CN,device-0081,8,525210,0.317,benign,sentinelforge-event-generator
evt-000367,2026-05-18T21:20:18.021339+00:00,auth.mfa_challenge,user-0272,10.140.204.195,GB,device-0170,18,845387,0.516,suspicious,sentinelforge-event-generator
evt-000368,2026-05-18T21:31:13.021345+00:00,auth.login,user-0402,10.121.193.138,NG,device-0045,4,1191189,0.3,benign,sentinelforge-event-generator
evt-000369,2026-05-19T12:05:44.021350+00:00,endpoint.process,user-0459,10.230.179.114,BR,device-0003,4,1117381,0.153,benign,sentinelforge-event-generator
evt-000370,2026-05-19T04:16:53.021356+00:00,cloudtrail.api_call,user-0215,10.111.246.60,DE,device-0035,8,1894544,0.066,benign,sentinelforge-event-generator
evt-000371,2026-05-19T20:10:27.021362+00:00,endpoint.process,user-0255,10.152.195.18,NG,device-0016,2,1780059,0.361,benign,sentinelforge-event-generator
evt-000372,2026-05-19T18:29:34.021368+00:00,auth.login,user-0213,10.31.98.49,RU,device-0220,2,958602,0.279,benign,sentinelforge-event-generator
evt-000373,2026-05-19T05:59:40.021374+00:00,cloudtrail.api_call,user-0234,10.175.0.46,US,device-0191,10,738732,0.083,benign,sentinelforge-event-generator
evt-000374,2026-05-19T15:04:58.021379+00:00,cloudtrail.api_call,user-0151,10.124.191.201,NG,device-0120,18,118046,0.346,benign,sentinelforge-event-generator
evt-000375,2026-05-19T16:48:59.021385+00:00,auth.login,user-0301,10.118.178.120,US,device-0175,1,1101107,0.199,benign,sentinelforge-event-generator
evt-000376,2026-05-19T16:15:11.021391+00:00,auth.login,user-0149,10.12.219.141,IN,device-0066,20,1555537,0.479,suspicious,sentinelforge-event-generator
evt-000377,2026-05-19T16:04:13.021398+00:00,cloudtrail.api_call,user-0073,10.102.247.58,RU,device-0104,7,1417803,0.366,benign,sentinelforge-event-generator
evt-000378,2026-05-19T02:16:04.021404+00:00,endpoint.process,user-0050,10.122.166.3,US,device-0062,5,1321050,0.094,benign,sentinelforge-event-generator
evt-000379,2026-05-18T20:50:22.021410+00:00,cloudtrail.api_call,user-0147,10.118.233.84,BR,device-0025,19,1417697,0.167,benign,sentinelforge-event-generator
evt-000380,2026-05-19T07:32:43.021416+00:00,auth.login,user-0428,10.113.163.10,RU,device-0126,3,680448,0.274,benign,sentinelforge-event-generator
evt-000381,2026-05-18T22:47:20.021457+00:00,auth.login,user-0165,10.244.146.219,BR,device-0110,3,1075086,0.132,benign,sentinelforge-event-generator
evt-000382,2026-05-19T05:46:03.021463+00:00,endpoint.process,user-0037,10.48.142.185,GB,device-0054,15,403816,0.159,benign,sentinelforge-event-generator
evt-000383,2026-05-19T07:56:28.021469+00:00,auth.login,user-0220,10.64.102.172,BR,device-0010,8,31470,0.461,suspicious,sentinelforge-event-generator
evt-000384,2026-05-19T09:24:25.021475+00:00,firewall.connection,user-0475,10.12.114.34,RU,device-0163,16,1620887,0.65,suspicious,sentinelforge-event-generator
evt-000385,2026-05-18T22:45:03.021480+00:00,auth.mfa_challenge,user-0116,10.1.78.49,US,device-0057,0,880861,0.178,benign,sentinelforge-event-generator
evt-000386,2026-05-19T06:57:37.021487+00:00,endpoint.process,user-0472,10.2.159.181,US,device-0024,9,1383489,0.136,benign,sentinelforge-event-generator
evt-000387,2026-05-18T21:06:07.021493+00:00,firewall.connection,user-0322,10.122.31.246,CN,device-0066,13,1183600,0.577,suspicious,sentinelforge-event-generator
evt-000388,2026-05-19T15:08:40.021499+00:00,endpoint.process,user-0007,10.45.42.234,DE,device-0101,5,799898,0.116,benign,sentinelforge-event-generator
evt-000389,2026-05-19T14:41:40.021505+00:00,auth.mfa_challenge,user-0350,10.17.255.112,US,device-0095,13,323097,0.432,benign,sentinelforge-event-generator
evt-000390,2026-05-19T14:00:50.021511+00:00,cloudtrail.api_call,user-0016,10.186.237.138,US,device-0156,20,959039,0.073,benign,sentinelforge-event-generator
evt-000391,2026-05-19T12:54:23.021516+00:00,auth.mfa_challenge,user-0384,10.192.143.215,IN,device-0091,9,1186966,0.547,suspicious,sentinelforge-event-generator
evt-000392,2026-05-19T02:34:39.021522+00:00,auth.mfa_challenge,user-0478,10.52.232.247,BR,device-0050,9,400762,0.439,benign,sentinelforge-event-generator
evt-000393,2026-05-19T01:26:51.021528+00:00,endpoint.process,user-0161,10.37.106.228,GB,device-0132,0,1418055,0.18,benign,sentinelforge-event-generator
evt-000394,2026-05-19T17:47:45.021534+00:00,endpoint.process,user-0091,10.134.142.80,BR,device-0018,20,1547980,0.074,benign,sentinelforge-event-generator
evt-000395,2026-05-19T01:29:58.021540+00:00,auth.mfa_challenge,user-0054,10.189.82.93,US,device-0045,20,1113809,0.472,suspicious,sentinelforge-event-generator
evt-000396,2026-05-19T05:46:09.021545+00:00,endpoint.process,user-0492,10.249.250.150,BR,device-0104,0,1566047,0.088,benign,sentinelforge-event-generator
evt-000397,2026-05-19T09:31:01.021551+00:00,firewall.connection,user-0264,10.240.56.98,CA,device-0189,4,1853473,0.423,benign,sentinelforge-event-generator
evt-000398,2026-05-19T14:47:10.021557+00:00,dns.query,user-0388,10.123.119.173,CA,device-0144,0,1152071,0.098,benign,sentinelforge-event-generator
evt-000399,2026-05-19T11:54:12.021563+00:00,auth.login,user-0361,10.230.249.132,US,device-0157,13,349897,0.533,suspicious,sentinelforge-event-generator
evt-000400,2026-05-19T19:54:36.021569+00:00,auth.login,user-0459,10.113.218.181,US,device-0208,8,1643228,0.493,suspicious,sentinelforge-event-generator
evt-000401,2026-05-19T13:57:43.021574+00:00,cloudtrail.api_call,user-0237,10.140.58.59,NG,device-0024,13,847280,0.271,benign,sentinelforge-event-generator
evt-000402,2026-05-19T13:26:12.021580+00:00,firewall.connection,user-0462,10.200.23.210,BR,device-0239,15,1219100,0.423,benign,sentinelforge-event-generator
evt-000403,2026-05-19T19:48:46.021586+00:00,auth.mfa_challenge,user-0059,10.223.30.81,RU,device-0204,5,1107342,0.265,benign,sentinelforge-event-generator
evt-000404,2026-05-18T21:13:40.021592+00:00,firewall.connection,user-0163,10.59.74.8,US,device-0011,8,1231811,0.391,benign,sentinelforge-event-generator
evt-000405,2026-05-19T19:08:07.021598+00:00,firewall.connection,user-0098,10.8.21.27,BR,device-0055,20,1262076,0.481,suspicious,sentinelforge-event-generator
evt-000406,2026-05-19T16:01:02.021603+00:00,dns.query,user-0375,10.112.133.119,BR,device-0041,19,497155,0.161,benign,sentinelforge-event-generator
evt-000407,2026-05-19T18:04:36.021609+00:00,auth.mfa_challenge,user-0217,10.45.234.34,GB,device-0230,12,170951,0.412,benign,sentinelforge-event-generator
evt-000408,2026-05-19T19:53:12.021620+00:00,dns.query,user-0462,10.204.241.13,IN,device-0137,0,851593,0.067,benign,sentinelforge-event-generator
evt-000409,2026-05-19T13:32:58.021626+00:00,firewall.connection,user-0015,10.121.232.98,RU,device-0206,1,196031,0.321,benign,sentinelforge-event-generator
evt-000410,2026-05-19T04:37:57.021632+00:00,auth.login,user-0190,10.88.100.6,GB,device-0053,0,675001,0.06,benign,sentinelforge-event-generator
evt-000411,2026-05-19T00:18:48.021637+00:00,dns.query,user-0185,10.126.185.192,CA,device-0135,11,337520,0.059,benign,sentinelforge-event-generator
evt-000412,2026-05-19T09:06:09.021643+00:00,cloudtrail.api_call,user-0032,10.127.107.34,NG,device-0165,3,128678,0.296,benign,sentinelforge-event-generator
evt-000413,2026-05-19T01:27:16.021649+00:00,auth.login,user-0228,10.82.81.188,BR,device-0221,13,1211228,0.503,suspicious,sentinelforge-event-generator
evt-000414,2026-05-19T02:23:44.021655+00:00,auth.login,user-0160,10.7.26.121,NG,device-0085,10,1461079,0.738,suspicious,sentinelforge-event-generator
evt-000415,2026-05-18T21:13:41.021660+00:00,dns.query,user-0429,10.40.216.193,GB,device-0068,12,1626372,0.1,benign,sentinelforge-event-generator
evt-000416,2026-05-19T02:39:02.021666+00:00,endpoint.process,user-0497,10.7.246.37,US,device-0169,17,810281,0.135,benign,sentinelforge-event-generator
evt-000417,2026-05-18T22:29:21.021674+00:00,auth.login,user-0349,10.5.191.160,DE,device-0219,20,1121127,0.524,suspicious,sentinelforge-event-generator
evt-000418,2026-05-19T04:59:35.021680+00:00,auth.login,user-0002,10.158.68.185,GB,device-0224,4,1801196,0.101,benign,sentinelforge-event-generator
evt-000419,2026-05-19T03:33:10.021686+00:00,auth.mfa_challenge,user-0009,10.128.14.88,RU,device-0182,12,1317543,0.665,suspicious,sentinelforge-event-generator
evt-000420,2026-05-19T02:46:30.021692+00:00,auth.mfa_challenge,user-0065,10.196.212.104,CN,device-0203,8,778533,0.655,suspicious,sentinelforge-event-generator
evt-000421,2026-05-19T19:40:03.021698+00:00,cloudtrail.api_call,user-0131,10.20.136.102,IN,device-0048,5,1894591,0.152,benign,sentinelforge-event-generator
evt-000422,2026-05-18T21:59:59.021703+00:00,cloudtrail.api_call,user-0107,10.246.26.241,NG,device-0157,20,1655825,0.332,benign,sentinelforge-event-generator
evt-000423,2026-05-19T00:21:58.021709+00:00,auth.login,user-0482,10.223.232.57,IN,device-0065,16,301691,0.508,suspicious,sentinelforge-event-generator
evt-000424,2026-05-19T05:32:59.021715+00:00,endpoint.process,user-0348,10.173.204.60,NG,device-0241,2,1984049,0.313,benign,sentinelforge-event-generator
evt-000425,2026-05-19T11:45:46.021721+00:00,auth.mfa_challenge,user-0286,10.209.116.121,IN,device-0012,13,682802,0.438,benign,sentinelforge-event-generator
evt-000426,2026-05-19T00:34:56.021727+00:00,dns.query,user-0454,10.212.121.94,BR,device-0166,17,246614,0.087,benign,sentinelforge-event-generator
evt-000427,2026-05-18T21:18:12.021732+00:00,firewall.connection,user-0371,10.253.106.82,GB,device-0110,19,293727,0.134,benign,sentinelforge-event-generator
evt-000428,2026-05-19T02:27:54.021738+00:00,firewall.connection,user-0432,10.182.113.36,NG,device-0069,5,31966,0.329,benign,sentinelforge-event-generator
evt-000429,2026-05-19T02:22:45.021744+00:00,firewall.connection,user-0273,10.247.213.33,NG,device-0169,5,952838,0.398,benign,sentinelforge-event-generator
evt-000430,2026-05-19T03:03:00.021750+00:00,firewall.connection,user-0477,10.164.226.29,GB,device-0217,13,1116456,0.44,benign,sentinelforge-event-generator
evt-000431,2026-05-19T01:00:36.021756+00:00,auth.login,user-0415,10.133.213.234,CN,device-0166,16,885885,0.633,suspicious,sentinelforge-event-generator
evt-000432,2026-05-19T07:57:08.021762+00:00,auth.login,user-0078,10.213.9.184,GB,device-0153,5,59350,0.132,benign,sentinelforge-event-generator
evt-000433,2026-05-19T17:48:08.021767+00:00,firewall.connection,user-0025,10.55.26.72,IN,device-0247,1,80037,0.179,benign,sentinelforge-event-generator
evt-000434,2026-05-19T10:19:46.021773+00:00,auth.mfa_challenge,user-0460,10.255.175.247,BR,device-0137,10,844972,0.515,suspicious,sentinelforge-event-generator
evt-000435,2026-05-19T09:45:33.021779+00:00,auth.mfa_challenge,user-0001,10.254.160.196,BR,device-0067,17,614584,0.425,benign,sentinelforge-event-generator
evt-000436,2026-05-18T21:51:20.021785+00:00,endpoint.process,user-0432,10.176.252.33,RU,device-0026,2,1469328,0.256,benign,sentinelforge-event-generator
evt-000437,2026-05-18T21:34:24.021791+00:00,dns.query,user-0455,10.26.0.193,BR,device-0110,7,120781,0.2,benign,sentinelforge-event-generator
evt-000438,2026-05-19T02:20:15.021797+00:00,dns.query,user-0259,10.71.51.73,US,device-0086,11,1742889,0.083,benign,sentinelforge-event-generator
evt-000439,2026-05-19T06:08:27.021802+00:00,cloudtrail.api_call,user-0165,10.187.234.132,NG,device-0083,19,261843,0.277,benign,sentinelforge-event-generator
evt-000440,2026-05-19T16:44:13.021808+00:00,auth.login,user-0174,10.148.21.54,IN,device-0088,12,1528731,0.423,benign,sentinelforge-event-generator
evt-000441,2026-05-19T06:54:55.021814+00:00,endpoint.process,user-0214,10.189.225.124,RU,device-0124,12,299106,0.347,benign,sentinelforge-event-generator
evt-000442,2026-05-19T06:37:46.021819+00:00,cloudtrail.api_call,user-0426,10.162.133.113,GB,device-0018,9,1519636,0.089,benign,sentinelforge-event-generator
evt-000443,2026-05-19T14:34:01.021825+00:00,auth.mfa_challenge,user-0134,10.130.23.45,GB,device-0039,4,1865077,0.137,benign,sentinelforge-event-generator
evt-000444,2026-05-19T11:50:37.021831+00:00,dns.query,user-0221,10.53.107.135,DE,device-0037,0,1582019,0.09,benign,sentinelforge-event-generator
evt-000445,2026-05-19T19:10:55.021837+00:00,firewall.connection,user-0322,10.253.24.113,GB,device-0167,9,258431,0.137,benign,sentinelforge-event-generator
evt-000446,2026-05-19T01:33:16.021843+00:00,firewall.connection,user-0251,10.96.100.151,GB,device-0051,1,1821587,0.419,benign,sentinelforge-event-generator
evt-000447,2026-05-19T10:24:30.021849+00:00,cloudtrail.api_call,user-0169,10.232.95.132,CN,device-0033,15,491706,0.252,benign,sentinelforge-event-generator
evt-000448,2026-05-19T05:27:17.021855+00:00,dns.query,user-0329,10.10.97.232,CN,device-0180,12,1307717,0.315,benign,sentinelforge-event-generator
evt-000449,2026-05-19T05:37:29.021861+00:00,firewall.connection,user-0309,10.66.6.124,BR,device-0195,2,295397,0.115,benign,sentinelforge-event-generator
evt-000450,2026-05-19T02:30:29.021867+00:00,dns.query,user-0238,10.17.101.247,CN,device-0103,16,1980021,0.327,benign,sentinelforge-event-generator
evt-000451,2026-05-18T23:36:40.021874+00:00,endpoint.process,user-0052,10.72.108.171,IN,device-0140,4,824056,0.095,benign,sentinelforge-event-generator
evt-000452,2026-05-19T07:55:16.021880+00:00,dns.query,user-0427,10.72.89.9,GB,device-0048,9,973169,0.054,benign,sentinelforge-event-generator
evt-000453,2026-05-19T12:12:28.021886+00:00,auth.mfa_challenge,user-0209,10.235.37.110,NG,device-0054,2,1412566,0.272,benign,sentinelforge-event-generator
evt-000454,2026-05-19T04:28:33.021892+00:00,firewall.connection,user-0496,10.192.243.168,IN,device-0009,19,106291,0.087,benign,sentinelforge-event-generator
evt-000455,2026-05-19T09:24:34.021897+00:00,endpoint.process,user-0296,10.210.92.246,NG,device-0035,9,1485736,0.251,benign,sentinelforge-event-generator
evt-000456,2026-05-19T19:31:06.021903+00:00,endpoint.process,user-0247,10.62.251.17,DE,device-0177,11,443214,0.148,benign,sentinelforge-event-generator
evt-000457,2026-05-19T03:49:10.021911+00:00,auth.mfa_challenge,user-0042,10.114.66.208,GB,device-0157,6,1667000,0.098,benign,sentinelforge-event-generator
evt-000458,2026-05-19T17:48:04.021917+00:00,dns.query,user-0028,10.190.65.45,GB,device-0156,15,1729891,0.131,benign,sentinelforge-event-generator
evt-000459,2026-05-19T07:30:27.021925+00:00,endpoint.process,user-0014,10.114.212.57,CA,device-0194,18,1942963,0.125,benign,sentinelforge-event-generator
evt-000460,2026-05-19T01:26:20.021930+00:00,cloudtrail.api_call,user-0426,10.42.185.82,RU,device-0246,0,796473,0.29,benign,sentinelforge-event-generator
evt-000461,2026-05-19T16:16:23.021936+00:00,dns.query,user-0005,10.246.18.254,CN,device-0071,15,1028217,0.338,benign,sentinelforge-event-generator
evt-000462,2026-05-19T13:26:20.021942+00:00,auth.login,user-0017,10.169.87.50,BR,device-0060,5,944255,0.073,benign,sentinelforge-event-generator
evt-000463,2026-05-19T19:27:02.021948+00:00,auth.login,user-0068,10.7.9.195,IN,device-0030,15,320674,0.434,benign,sentinelforge-event-generator
evt-000464,2026-05-19T14:44:51.021954+00:00,auth.login,user-0241,10.170.3.245,IN,device-0009,18,475026,0.524,suspicious,sentinelforge-event-generator
evt-000465,2026-05-19T06:00:28.021960+00:00,auth.login,user-0362,10.10.54.162,RU,device-0241,3,1116999,0.338,benign,sentinelforge-event-generator
evt-000466,2026-05-19T19:00:01.021966+00:00,endpoint.process,user-0247,10.203.198.209,IN,device-0055,20,1828183,0.125,benign,sentinelforge-event-generator
evt-000467,2026-05-19T05:48:17.021972+00:00,endpoint.process,user-0424,10.91.239.147,GB,device-0152,19,1829654,0.187,benign,sentinelforge-event-generator
evt-000468,2026-05-19T04:28:49.021977+00:00,auth.login,user-0270,10.209.163.122,NG,device-0055,16,1968341,0.64,suspicious,sentinelforge-event-generator
evt-000469,2026-05-19T08:34:08.021983+00:00,auth.login,user-0113,10.248.220.246,IN,device-0151,11,1226785,0.425,benign,sentinelforge-event-generator
evt-000470,2026-05-19T10:21:07.021989+00:00,firewall.connection,user-0154,10.33.50.153,US,device-0008,1,1689475,0.495,suspicious,sentinelforge-event-generator
evt-000471,2026-05-19T05:02:41.021995+00:00,dns.query,user-0391,10.243.69.32,DE,device-0210,6,1282742,0.134,benign,sentinelforge-event-generator
evt-000472,2026-05-19T13:47:46.022001+00:00,auth.mfa_challenge,user-0483,10.20.78.212,BR,device-0114,5,1101698,0.139,benign,sentinelforge-event-generator
evt-000473,2026-05-19T03:26:40.022007+00:00,firewall.connection,user-0263,10.151.157.240,US,device-0172,6,1614118,0.368,benign,sentinelforge-event-generator
evt-000474,2026-05-19T16:47:41.022012+00:00,endpoint.process,user-0061,10.154.171.112,US,device-0179,18,1576109,0.093,benign,sentinelforge-event-generator
evt-000475,2026-05-19T13:24:07.022018+00:00,dns.query,user-0447,10.241.217.234,CA,device-0122,7,443587,0.13,benign,sentinelforge-event-generator
evt-000476,2026-05-18T22:44:12.022024+00:00,firewall.connection,user-0234,10.66.34.212,CN,device-0143,18,1180976,0.577,suspicious,sentinelforge-event-generator
evt-000477,2026-05-19T01:54:47.022030+00:00,dns.query,user-0330,10.67.73.193,RU,device-0220,12,1128822,0.378,benign,sentinelforge-event-generator
evt-000478,2026-05-19T11:57:28.022036+00:00,endpoint.process,user-0092,10.176.49.20,IN,device-0119,11,534857,0.101,benign,sentinelforge-event-generator
evt-000479,2026-05-19T06:28:30.022041+00:00,endpoint.process,user-0237,10.200.126.198,US,device-0069,12,867096,0.157,benign,sentinelforge-event-generator
evt-000480,2026-05-19T03:48:36.022047+00:00,auth.login,user-0027,10.130.40.37,NG,device-0231,0,1233307,0.256,benign,sentinelforge-event-generator
evt-000481,2026-05-19T15:33:34.022053+00:00,firewall.connection,user-0297,10.48.209.28,IN,device-0134,19,453111,0.128,benign,sentinelforge-event-generator
evt-000482,2026-05-19T17:48:21.022059+00:00,endpoint.process,user-0042,10.206.87.92,NG,device-0248,18,1222925,0.284,benign,sentinelforge-event-generator
evt-000483,2026-05-19T14:57:24.022065+00:00,firewall.connection,user-0244,10.162.167.14,GB,device-0152,17,715359,0.17,benign,sentinelforge-event-generator
evt-000484,2026-05-19T11:19:48.022071+00:00,firewall.connection,user-0081,10.128.126.238,US,device-0080,15,414495,0.177,benign,sentinelforge-event-generator
evt-000485,2026-05-19T08:00:52.022076+00:00,auth.login,user-0023,10.57.2.59,DE,device-0136,7,1591479,0.084,benign,sentinelforge-event-generator
evt-000486,2026-05-19T02:44:04.022082+00:00,auth.mfa_challenge,user-0315,10.67.167.92,NG,device-0049,14,598441,0.675,suspicious,sentinelforge-event-generator
evt-000487,2026-05-19T12:06:07.022088+00:00,auth.mfa_challenge,user-0381,10.13.62.160,IN,device-0109,14,367614,0.411,benign,sentinelforge-event-generator
evt-000488,2026-05-18T21:32:15.022094+00:00,auth.mfa_challenge,user-0031,10.121.93.104,NG,device-0062,11,1611024,0.687,suspicious,sentinelforge-event-generator
evt-000489,2026-05-18T23:27:08.022101+00:00,dns.query,user-0397,10.119.195.253,CA,device-0194,7,1871195,0.069,benign,sentinelforge-event-generator
evt-000490,2026-05-18T22:28:20.022107+00:00,cloudtrail.api_call,user-0299,10.96.43.41,RU,device-0206,2,557405,0.337,benign,sentinelforge-event-generator
evt-000491,2026-05-19T00:27:36.022112+00:00,firewall.connection,user-0443,10.187.113.112,BR,device-0239,15,463656,0.141,benign,sentinelforge-event-generator
evt-000492,2026-05-19T19:55:01.022118+00:00,dns.query,user-0391,10.10.229.28,GB,device-0057,15,1836472,0.15,benign,sentinelforge-event-generator
evt-000493,2026-05-19T10:44:42.022124+00:00,auth.login,user-0138,10.154.59.145,US,device-0141,7,1359071,0.076,benign,sentinelforge-event-generator
evt-000494,2026-05-19T13:15:55.022130+00:00,firewall.connection,user-0233,10.59.106.79,IN,device-0141,0,766938,0.144,benign,sentinelforge-event-generator
evt-000495,2026-05-19T05:01:54.022136+00:00,endpoint.process,user-0352,10.253.102.226,US,device-0057,18,1104893,0.065,benign,sentinelforge-event-generator
evt-000496,2026-05-19T19:11:34.022142+00:00,cloudtrail.api_call,user-0381,10.234.63.226,BR,device-0213,13,55912,0.117,benign,sentinelforge-event-generator
evt-000497,2026-05-19T07:08:00.022149+00:00,auth.mfa_challenge,user-0449,10.5.59.203,RU,device-0048,17,241276,0.719,suspicious,sentinelforge-event-generator
evt-000498,2026-05-18T21:39:36.022155+00:00,dns.query,user-0394,10.56.248.168,DE,device-0067,8,1171058,0.11,benign,sentinelforge-event-generator
evt-000499,2026-05-19T07:21:14.022161+00:00,firewall.connection,user-0424,10.250.236.241,DE,device-0230,2,492794,0.076,benign,sentinelforge-event-generator
evt-000500,2026-05-18T23:58:04.022167+00:00,auth.login,user-0273,10.243.245.73,CA,device-0228,10,944616,0.528,suspicious,sentinelforge-event-generator
